,CCAP,scram
data/ant_video_3/cropped_frames/frame_0000.png,0.39649486478846696,0.0
data/ant_video_3/cropped_frames/frame_0060.png,0.39649486478846696,0.0
data/ant_video_3/cropped_frames/frame_0120.png,0.39828976828248497,0.0
data/ant_video_3/cropped_frames/frame_0180.png,0.39828976828248497,0.0
data/ant_video_3/cropped_frames/frame_0240.png,0.39828976828248497,0.0
data/ant_video_3/cropped_frames/frame_0300.png,0.39828976828248497,0.0
data/ant_video_3/cropped_frames/frame_0360.png,0.39828976828248497,0.0
data/ant_video_3/cropped_frames/frame_0420.png,0.39828976828248497,0.0
data/ant_video_3/cropped_frames/frame_0480.png,0.39828976828248497,0.0
data/ant_video_3/cropped_frames/frame_0540.png,0.39828976828248497,0.0
data/ant_video_3/cropped_frames/frame_0600.png,0.39828976828248497,0.0
data/ant_video_3/cropped_frames/frame_0660.png,0.42266393389793366,0.0
data/ant_video_3/cropped_frames/frame_0720.png,0.42874328229402303,0.0
data/ant_video_3/cropped_frames/frame_0780.png,0.42874328229402303,0.0
data/ant_video_3/cropped_frames/frame_0840.png,0.42874328229402303,0.0
data/ant_video_3/cropped_frames/frame_0900.png,0.42874328229402303,0.0
data/ant_video_3/cropped_frames/frame_0960.png,0.42874328229402303,0.0
data/ant_video_3/cropped_frames/frame_1020.png,0.42874328229402303,0.0
data/ant_video_3/cropped_frames/frame_1080.png,0.42511248631031706,0.0
data/ant_video_3/cropped_frames/frame_1140.png,0.4328473005299213,0.0
data/ant_video_3/cropped_frames/frame_1200.png,0.4328473005299213,0.0
data/ant_video_3/cropped_frames/frame_1260.png,0.4328473005299213,0.0
data/ant_video_3/cropped_frames/frame_1320.png,0.4328473005299213,0.0
data/ant_video_3/cropped_frames/frame_1380.png,0.4328473005299213,0.0
data/ant_video_3/cropped_frames/frame_1440.png,0.4328473005299213,0.0
data/ant_video_3/cropped_frames/frame_1500.png,0.4328473005299213,0.0
data/ant_video_3/cropped_frames/frame_1560.png,0.4328473005299213,0.0
data/ant_video_3/cropped_frames/frame_1620.png,0.4328473005299213,0.0
data/ant_video_3/cropped_frames/frame_1680.png,0.4328473005299213,0.0
data/ant_video_3/cropped_frames/frame_1740.png,0.4317231615993226,0.0
data/ant_video_3/cropped_frames/frame_1800.png,0.4317231615993226,0.0
data/ant_video_3/cropped_frames/frame_1860.png,0.4317231615993226,0.0
data/ant_video_3/cropped_frames/frame_1920.png,0.4317231615993226,0.0
data/ant_video_3/cropped_frames/frame_1980.png,0.4317231615993226,0.0
data/ant_video_3/cropped_frames/frame_2040.png,0.4317231615993226,0.0
data/ant_video_3/cropped_frames/frame_2100.png,0.4343127699926246,0.0
data/ant_video_3/cropped_frames/frame_2160.png,0.4343127699926246,0.0
data/ant_video_3/cropped_frames/frame_2220.png,0.4343127699926246,0.0
data/ant_video_3/cropped_frames/frame_2280.png,0.4343127699926246,0.0
data/ant_video_3/cropped_frames/frame_2340.png,0.4343127699926246,0.0
data/ant_video_3/cropped_frames/frame_2400.png,0.4332420281462878,0.0
data/ant_video_3/cropped_frames/frame_2460.png,0.4330007335804569,0.0
data/ant_video_3/cropped_frames/frame_2520.png,0.43140809470900504,0.0
data/ant_video_3/cropped_frames/frame_2580.png,0.43140809470900504,0.0
data/ant_video_3/cropped_frames/frame_2640.png,0.43140809470900504,0.0
data/ant_video_3/cropped_frames/frame_2700.png,0.43140809470900504,0.0
data/ant_video_3/cropped_frames/frame_2760.png,0.43140809470900504,0.0
data/ant_video_3/cropped_frames/frame_2820.png,0.4309189752270582,0.0
data/ant_video_3/cropped_frames/frame_2880.png,0.4265237944330006,0.0
data/ant_video_3/cropped_frames/frame_2940.png,0.4329728191262274,0.0
data/ant_video_3/cropped_frames/frame_3000.png,0.4329728191262274,0.0
data/ant_video_3/cropped_frames/frame_3060.png,0.4329728191262274,0.0
data/ant_video_3/cropped_frames/frame_3120.png,0.43321845843489953,0.0
data/ant_video_3/cropped_frames/frame_3180.png,0.43321845843489953,0.0
data/ant_video_3/cropped_frames/frame_3240.png,0.42792007861120207,0.0
data/ant_video_3/cropped_frames/frame_3300.png,0.42792007861120207,0.0
data/ant_video_3/cropped_frames/frame_3360.png,0.4296664568094345,0.0
data/ant_video_3/cropped_frames/frame_3420.png,0.4296664568094345,0.0
data/ant_video_3/cropped_frames/frame_3480.png,0.4296664568094345,0.0
data/ant_video_3/cropped_frames/frame_3540.png,0.43213598626192723,0.0
data/ant_video_3/cropped_frames/frame_3600.png,0.4364303967373067,0.0
data/ant_video_3/cropped_frames/frame_3660.png,0.4364303967373067,0.0
data/ant_video_3/cropped_frames/frame_3720.png,0.44233441111502386,0.0
data/ant_video_3/cropped_frames/frame_3780.png,0.44447564049389016,0.0
data/ant_video_3/cropped_frames/frame_3840.png,0.44447564049389016,0.0
data/ant_video_3/cropped_frames/frame_3900.png,0.44447564049389016,0.0
data/ant_video_3/cropped_frames/frame_3960.png,0.44447564049389016,0.0
data/ant_video_3/cropped_frames/frame_4020.png,0.44447564049389016,0.0
data/ant_video_3/cropped_frames/frame_4080.png,0.44447564049389016,0.0
data/ant_video_3/cropped_frames/frame_4140.png,0.44447564049389016,0.0
data/ant_video_3/cropped_frames/frame_4200.png,0.44447564049389016,0.0
data/ant_video_3/cropped_frames/frame_4260.png,0.44447564049389016,0.0
data/ant_video_3/cropped_frames/frame_4320.png,0.44447564049389016,0.0
data/ant_video_3/cropped_frames/frame_4380.png,0.45683883756591986,0.0
data/ant_video_3/cropped_frames/frame_4440.png,0.45683883756591986,0.0
data/ant_video_3/cropped_frames/frame_4500.png,0.46478091064389754,0.0
data/ant_video_3/cropped_frames/frame_4560.png,0.46478091064389754,0.0
data/ant_video_3/cropped_frames/frame_4620.png,0.46478091064389754,0.0
data/ant_video_3/cropped_frames/frame_4680.png,0.46478091064389754,0.0
data/ant_video_3/cropped_frames/frame_4740.png,0.46478091064389754,0.0
data/ant_video_3/cropped_frames/frame_4800.png,0.46478091064389754,0.0
data/ant_video_3/cropped_frames/frame_4860.png,0.46478091064389754,0.0
data/ant_video_3/cropped_frames/frame_4920.png,0.46478091064389754,0.0
data/ant_video_3/cropped_frames/frame_4980.png,0.46478091064389754,0.0
data/ant_video_3/cropped_frames/frame_5040.png,0.46478091064389754,0.0
data/ant_video_3/cropped_frames/frame_5100.png,0.46478091064389754,0.0
data/ant_video_3/cropped_frames/frame_5160.png,0.4679159293108046,0.0
data/ant_video_3/cropped_frames/frame_5220.png,0.47160188548025656,0.0
data/ant_video_3/cropped_frames/frame_5280.png,0.47160188548025656,0.0
data/ant_video_3/cropped_frames/frame_5340.png,0.46965142802832294,0.0
data/ant_video_3/cropped_frames/frame_5400.png,0.4759867826776151,0.0
data/ant_video_3/cropped_frames/frame_5460.png,0.47627654504666816,0.0
data/ant_video_3/cropped_frames/frame_5520.png,0.4745640345367995,0.0
data/ant_video_3/cropped_frames/frame_5580.png,0.4745640345367995,0.0
data/ant_video_3/cropped_frames/frame_5640.png,0.4806281083713004,0.0
data/ant_video_3/cropped_frames/frame_5700.png,0.4806281083713004,0.0
data/ant_video_3/cropped_frames/frame_5760.png,0.47235542440263945,0.0
data/ant_video_3/cropped_frames/frame_5820.png,0.47946281588447653,0.0
data/ant_video_3/cropped_frames/frame_5880.png,0.47946281588447653,0.0
data/ant_video_3/cropped_frames/frame_5940.png,0.47946281588447653,0.0
data/ant_video_3/cropped_frames/frame_6000.png,0.47946281588447653,0.0
data/ant_video_3/cropped_frames/frame_6060.png,0.48537524127140036,0.0
data/ant_video_3/cropped_frames/frame_6120.png,0.48537524127140036,0.0
data/ant_video_3/cropped_frames/frame_6180.png,0.4833305622602783,0.0
data/ant_video_3/cropped_frames/frame_6240.png,0.4833305622602783,0.0
data/ant_video_3/cropped_frames/frame_6300.png,0.4833305622602783,0.0
data/ant_video_3/cropped_frames/frame_6360.png,0.4833305622602783,0.0
data/ant_video_3/cropped_frames/frame_6420.png,0.4833305622602783,0.0
data/ant_video_3/cropped_frames/frame_6480.png,0.4833305622602783,0.0
data/ant_video_3/cropped_frames/frame_6540.png,0.4833305622602783,0.0
data/ant_video_3/cropped_frames/frame_6600.png,0.4833305622602783,0.0
data/ant_video_3/cropped_frames/frame_6660.png,0.5028032462768073,0.0
data/ant_video_3/cropped_frames/frame_6720.png,0.5028032462768073,0.0
data/ant_video_3/cropped_frames/frame_6780.png,0.5028032462768073,0.0
data/ant_video_3/cropped_frames/frame_6840.png,0.5028032462768073,0.0
data/ant_video_3/cropped_frames/frame_6900.png,0.5111628293574931,0.0
data/ant_video_3/cropped_frames/frame_6960.png,0.5123322212312401,0.0
data/ant_video_3/cropped_frames/frame_7020.png,0.5123322212312401,0.0
data/ant_video_3/cropped_frames/frame_7080.png,0.5123322212312401,0.0
data/ant_video_3/cropped_frames/frame_7140.png,0.5123322212312401,0.0
data/ant_video_3/cropped_frames/frame_7200.png,0.5123322212312401,0.0
data/ant_video_3/cropped_frames/frame_7260.png,0.5123322212312401,0.0
data/ant_video_3/cropped_frames/frame_7320.png,0.5123322212312401,0.0
